key,tag,sha256,idle
https://cdn.jsdelivr.net/npm/@alaskaairux/icons@5.27.0/dist/index.min.js,,bfe6b641885ad87f931775eba7f8b60dd55a31fde69dcce332bad3e8c90fd8f9,0
https://cdn.jsdelivr.net/npm/@alma/widgets@4.5.0/dist/widgets.min.css,,c5a191e89137a0ec0aeb5c0430794f97311224769c54346c8d9f0e5ecae30a90,0
https://cdn.jsdelivr.net/npm/@alma/widgets@4.5.0/dist/widgets.umd.min.js,,7c0a56360c38afdcae4539e6c94e6366fb7431a8c628761f6f6a8bb267e06e01,0
https://cdn.jsdelivr.net/npm/@appmate/wishlist@5.29.0/app-loader.min.js,,8fd641566aff2f54e71132e3325106712b450447d8695dd66b7020aca6f6f14a,0
https://cdn.jsdelivr.net/npm/@blotoutio/edgetag-sdk-browser@1.70.2/index.min.js,,f062c4c6033764cd8ced44edf2640ef39cf3bd2b91b44b8a87bd7bd1c39d9e1e,0
https://cdn.jsdelivr.net/npm/@blotoutio/providers-blotout-wallet-sdk@1.70.2/index.min.js,,e429f3c8201ce28dc373eafb985c9fd2d5d082973ac0bbdd81e850e9d2203532,0
https://cdn.jsdelivr.net/npm/@cap.js/wasm@0.0.7/browser/cap_wasm.min.js,,22ae3dccdc1eaa8e970ea5827d57d7780833e682c3f9ad3d98b6a2450d5db92b,0
https://cdn.jsdelivr.net/npm/@clerk/clerk-js@6.31.0/dist/clerk.browser.min.js,,6d6f554b320dd0aba279de65dd6b79ca2cdb47a04cff66e58265af7e025b0216,0
https://cdn.jsdelivr.net/npm/@clerk/ui@1.32.2/dist/themes/shadcn.min.css,,e9a14bfa4cf3ffb4316b07a8e304d09691292751e98cbd090a0bdaf41735435d,0
https://cdn.jsdelivr.net/npm/@clerk/ui@1.32.2/dist/ui.browser.min.js,,c9d638386fa2f59e8f374bcf79a025ffcf44b7224f7eecf262cd7aaa8e6fb085,0
https://cdn.jsdelivr.net/npm/@covet-pics/covet-pics-widget@0.179.0/dist/index.cjs.min.js,,57022ad5b7ca4d7f504ae4354634773b844030eefc9a66ebd18cb125fe6d487b,0
https://cdn.jsdelivr.net/npm/@fancyapps/ui@6.1.14/dist/fancybox/fancybox.min.css,,0384c834d6c6660e476d08fe93243f0a5c9651359a570e52f697481c5e962af5,0
https://cdn.jsdelivr.net/npm/@fancyapps/ui@6.1.14/dist/fancybox/fancybox.umd.min.js,,d4a6e2d6f476f8ac945ccc13124307fbfa936ab7c218f9979b37658ae264906d,0
https://cdn.jsdelivr.net/npm/@fawazahmed0/currency-api@2026.9.7/index.min.js,,4490cfacef259f2220b1e75a6378ec80b289ee530fb2ec19532d1d0d4ccb2c3b,0
https://cdn.jsdelivr.net/npm/@fingerprintjs/fingerprintjs@5.2.0/dist/fp.min.js,,9341c632ea5657977d103ca06aa0632338dc298d4ca5338e51277c63831a2ef5,0
https://cdn.jsdelivr.net/npm/@finsweet/attributes@2.7.1/attributes.min.js,,87b225ab22cfd96bc32166162648ce74228544a27fe06002382b84ed2c0953e6,0
https://cdn.jsdelivr.net/npm/@finsweet/fs-components@2.3.58/fs-components.min.js,,781f6eb41f4e7a2e4723974f61fcd2237d0af53bbf1acaab7b22263e1fde9dcf,0
https://cdn.jsdelivr.net/npm/@fontsource-variable/inter@5.3.0/index.min.css,,d9743cf906bb5e483e983c67a24f2d32fad6fafa5c0225d7e5141ca63aed9a81,0
https://cdn.jsdelivr.net/npm/@fontsource-variable/noto-sans-jp@5.3.0/wght.min.css,,7cce761584d8916c90ff7a1ca6e3ffa6eec770da62fec7caabce1202ae2e9da5,0
https://cdn.jsdelivr.net/npm/@fontsource-variable/open-sans@5.3.0/index.min.css,,a8f28fcae4f213f496bfa153d0f08b1e34a6e4888698d293f5ff804dad7e7289,0
https://cdn.jsdelivr.net/npm/@fontsource-variable/roboto@5.3.0/index.min.css,,24b8b8ae5ebcab4f0acaa1cbebe1d188acadb57218d0d378f65070cd9c7a3891,0
https://cdn.jsdelivr.net/npm/@fontsource/lato@5.3.0/400.min.css,,d40ed76d900d5c99bd06ffeefcd2acae8d727c30898bde713ac64845a4435190,0
https://cdn.jsdelivr.net/npm/@fontsource/noto-sans-jp@5.3.0/index.min.css,,a4fd413f727bed90466c5a441920542e12d9a6062345cf627e7640e3b74bf591,0
https://cdn.jsdelivr.net/npm/@fontsource/open-sans@5.3.0/400.min.css,,ada6633b377a1d1756adff8684e7eabad8bff7d405d2dbbbd5cc2b8853017176,0
https://cdn.jsdelivr.net/npm/@fontsource/poppins@5.3.0/700.min.css,,13c459b559d106a01ee7ef0f48ec2670df266b2b45c20be87df0c5e9a7089572,0
https://cdn.jsdelivr.net/npm/@fontsource/roboto@5.3.0/400.min.css,,98fc41913ce0ce70ddb46e6e1c9da191f8b9b5f841fb45ded24844dca8ff5f3d,0
https://cdn.jsdelivr.net/npm/@fortawesome/fontawesome-free@7.3.1/css/fontawesome.min.css,,405bfb2a5312e363b88650a68ed90b6c06c41d5cfa3cbf5c68251cafafb3c078,0
https://cdn.jsdelivr.net/npm/@fortawesome/fontawesome-free@7.3.1/js/fontawesome.min.js,,48a4a4673692828b7d08216f969ed369b313a9aa93859de2b22bc5de09bff243,0
https://cdn.jsdelivr.net/npm/@growthbook/growthbook@1.7.0/dist/bundles/auto.min.js,,823bf9bda0fd60a0c2b99a7bfda7555dada647eba27f0fbca37ead457544e75d,0
https://cdn.jsdelivr.net/npm/@ionic/core@9.0.2/dist/index.cjs.min.js,,e065edb0d563245eed2e7e2bcb75db0bd2826bf88f39ba887028ba162e11d847,0
https://cdn.jsdelivr.net/npm/@letscooee/web-sdk@14.11.1/dist/main.min.js,,aae776d49839cabad05697e41a9eab7bd6538aa2298ede43b30c1d13d3ec6f36,0
https://cdn.jsdelivr.net/npm/@letscooee/web-sdk@14.11.1/dist/styles.min.css,,d36ce412fa997a69beac1252418a0ab74b6d987cdcb1a196ea1a5f8c2b0094a7,0
https://cdn.jsdelivr.net/npm/@mdi/font@7.4.47/css/materialdesignicons.min.css,,03fe3caba05e65b14e4035139eee89b12be87cd0bcf342ac3886770eec3a9962,0
https://cdn.jsdelivr.net/npm/@mdi/font@7.4.47/scripts/verify.min.js,,6a13d27381ed0b718222277d81efd5f9448b8ded5cf981b13c09cc5a174c759d,0
https://cdn.jsdelivr.net/npm/@phosphor-icons/web@2.1.2/src/index.min.js,,e32ee7cb443c6505759341af5dc63cf489528066b3591dd928fe6a817417afe8,0
https://cdn.jsdelivr.net/npm/@phosphor-icons/web@2.1.2/src/regular/style.min.css,,2100d31d84c70f84db7bbc5c4faff637a1b3729376a41bfa8c7d949aaa1a76dd,0
https://cdn.jsdelivr.net/npm/@popperjs/core@2.11.8/dist/umd/popper.min.js,,c212f4b505a86352aed62b24a8f16f999f821ecbe6456c7f3c8a04bc87968782,0
https://cdn.jsdelivr.net/npm/@sheerid/jslib@2.277.0/sheerid-install.min.css,,08cb4768a69d1be4a698bea6a4192146b7a8beb88c63cad872208b3d0a7b8854,0
https://cdn.jsdelivr.net/npm/@sheerid/jslib@2.277.0/sheerid.min.js,,c622b377d00f685dc0e419f63a2cd38ad6ffa3fff1abd3b7e0a05e32c907f1b1,0
https://cdn.jsdelivr.net/npm/@shoelace-style/shoelace@2.20.1/cdn/shoelace-autoloader.min.js,,fde4c7aa82bf9705715a3bfe50098ce149272d305094a4f6dc7ca8dacddc47de,0
https://cdn.jsdelivr.net/npm/@shoelace-style/shoelace@2.20.1/cdn/themes/light.min.css,,a644a3990c5dc4ab3967efd71f52457bea8e461f30299f190994d7335c55426f,0
https://cdn.jsdelivr.net/npm/@snowplow/javascript-tracker@4.10.1/dist/sp.min.js,,ba138ae282f79c62a80ddaabbc710c3a0cfb43ee74d3f79bdcf2a9decd06bf2f,0
https://cdn.jsdelivr.net/npm/@splidejs/splide@4.1.4/dist/css/splide.min.css,,e6e2a25c4c1b69087d720776ff9569e9698c9ec52bdd5659c346bcaca9ce28d5,0
https://cdn.jsdelivr.net/npm/@splidejs/splide@4.1.4/dist/js/splide.min.js,,159b16ec7d95e57f531a29d28e3c18278d7d5e46b6ec8f173c3996af21a55adc,0
https://cdn.jsdelivr.net/npm/@trendyol/baklava@3.5.0/dist/baklava.min.js,,893c16b6dc9521fb566f0397aeb338bccf6786c08028d6ece59985ec5b7722a0,0
https://cdn.jsdelivr.net/npm/@trendyol/baklava@3.5.0/dist/themes/default.min.css,,09a918be69f93e5674c0a8f0db41cf0096e249e38b9c712bdeda788858f5bd4f,0
https://cdn.jsdelivr.net/npm/@unicorn-fail/drupal-bootstrap-styles@0.0.2/dist/3.3.1/7.x-3.x/drupal-bootstrap.min.css,,8df03bcf9f789b2985e22d3126245b64ea863898d6f45a9454fbb7a606773ab2,0
https://cdn.jsdelivr.net/npm/@videojs/html@10.0.0-beta.32/cdn/media/hls-video.min.js,,d6b830bee2961f3193354fb2f12307cc6e3ec7c8f411954e7067223aeb8346d7,0
https://cdn.jsdelivr.net/npm/@videojs/html@10.0.0-beta.32/dist/default/define/video/skin.min.css,,e49111f6a4b66c5e71500f15c7db6477c7f06f2adcdc387ba57a5b1601855184,0
https://cdn.jsdelivr.net/npm/@vidstack/cdn@1.15.4/chunks/vidstack-CZR_XC3-.min.js,,950c6b8b56dddf7dcb8d646c172ceb584ec7f0ddc9e97a29c2fc5b0f2375f6cf,0
https://cdn.jsdelivr.net/npm/@vidstack/cdn@1.15.4/styles/player/default/theme.min.css,,5ce9b2b4cc5d5c5a634a48f1eeb93171ec920e8bce92f31a18494d05621a119f,0
https://cdn.jsdelivr.net/npm/@zonos/elements@1.3.288/dist/scripts/loadZonos.min.js,,d3cbd345cd816d563c6ca69aab58219f508ced4c33aa8c225dace6db69285ae2,0
https://cdn.jsdelivr.net/npm/@zonos/elements@1.3.288/dist/zonos-elements/zonos-elements.min.css,,655d58bb72d44c78b9c9164cb26e85abed7368131d41886fdaa192fa8e047c2f,0
https://cdn.jsdelivr.net/npm/algoliasearch@5.57.0/dist/algoliasearch.umd.min.js,,50b8305f4b1dd518f76a2d5c87714e3c63e1fd3a903c2f099dbc723923c31f5a,0
https://cdn.jsdelivr.net/npm/alpinejs@3.17.1/dist/cdn.min.js,,b30997fc126d808b1a9b20ab3f504ded88df957818c02d6249bba3ec114eb0ec,0
https://cdn.jsdelivr.net/npm/axios@1.20.0/dist/axios.min.js,,7c433c881c3b0903317193a0dd5af714ce0f65cf77d5c7f067f18b96f0e8e2c7,0
https://cdn.jsdelivr.net/npm/bootstrap-icons@1.13.1/font/bootstrap-icons.min.css,,a5d6387a32ca3baec4d02336b5b3edab50c9dd518355576a011ea3dd9c1d884e,0
https://cdn.jsdelivr.net/npm/bootstrap@5.3.8/dist/css/bootstrap.min.css,,d85327d99c7a3ee1f9b5d0500d1370acea3ad2db39c163c2f51f232baedbdede,0
https://cdn.jsdelivr.net/npm/bootstrap@5.3.8/dist/js/bootstrap.min.js,,7b0f14895d69247fd88e93840489cfd47c55bd3fd27eb0a6c12a14cc5f492207,0
https://cdn.jsdelivr.net/npm/canvas-confetti@1.9.4/dist/confetti.browser.min.js,,ad09d54c8acda8739180e170d81ac5a8b16ed333756514a7f085ef315bc59729,0
https://cdn.jsdelivr.net/npm/chart.js@4.5.1/dist/chart.umd.min.js,,48444a82d4edcb5bec0f1965faacdde18d9c17db3063d042abada2f705c9f54a,0
https://cdn.jsdelivr.net/npm/cookieconsent@3.1.1/build/cookieconsent.min.css,,cd0d0b6e50ff01ff2f3a9a70d7cfb66a7c6cb9acf7a566325568be6d3bd31fc4,0
https://cdn.jsdelivr.net/npm/cookieconsent@3.1.1/build/cookieconsent.min.js,,e55842a856a6d829feca3c3ad736c136b6c7549e9247274f78aa296259e06e24,0
https://cdn.jsdelivr.net/npm/crypto-js@4.2.0/index.min.js,,3c56ec838b02ed738611d1888fe935aa0aa58dbbcb985a7032b43ff057911224,0
https://cdn.jsdelivr.net/npm/daterangepicker@3.1.0/daterangepicker.min.css,,8055b5b2d70ccea24e95c3b347c365959dace87f8f9e59d95f11922b0e1c5219,0
https://cdn.jsdelivr.net/npm/daterangepicker@3.1.0/daterangepicker.min.js,,e2ae551ac4dc5182a3ea7825eb7bfaa3a66d6b8befec757f317d964845b23aaf,0
https://cdn.jsdelivr.net/npm/dayjs@1.11.23/dayjs.min.js,,0198dd0b1f760cded169c7e7ff7eaf56bc36c4c22c7c9b7c683e59437ed8700e,0
https://cdn.jsdelivr.net/npm/disable-devtool@0.3.9/disable-devtool.min.js,,5a7b9b2c807f85575c9ebc1f508e849b53430870b2d0fb6c02b2de3df661cb63,0
https://cdn.jsdelivr.net/npm/dompurify@3.4.15/dist/purify.min.js,,f263b05369e050fa175d4ecb9c9358eb4253602d510297adfb31df48b2f1c4d5,0
https://cdn.jsdelivr.net/npm/flag-icons@7.5.0/css/flag-icons.min.css,,b723de0659d95b6a966c0175850882b7daa8e923a0392ca6bc906e9be16baf02,0
https://cdn.jsdelivr.net/npm/flatpickr@4.6.13/dist/flatpickr.min.css,,1b34a42552c96f10e4dfaaa4a367276b03868aacff63c1ac42ffe331352bc754,0
https://cdn.jsdelivr.net/npm/flatpickr@4.6.13/dist/flatpickr.min.js,,1eeab1cb779471a0b0aaa93dd91c2eb1aa537d696f01ab05ea9dabc55e8525a1,0
https://cdn.jsdelivr.net/npm/font-awesome@4.7.0/css/font-awesome.min.css,,799aeb25cc0373fdee0e1b1db7ad6c2f6a0e058dfadaa3379689f583213190bd,0
https://cdn.jsdelivr.net/npm/glightbox@3.3.1/dist/css/glightbox.min.css,,6d3f62d4d17969f9c70e9438cf671004725019e868123f2ebc295a006f8d5d2d,0
https://cdn.jsdelivr.net/npm/glightbox@3.3.1/dist/js/glightbox.min.js,,c67c59cdf980793b0216c9de9c6ebf688418838822af1e50b09439e3aa289ff3,0
https://cdn.jsdelivr.net/npm/gsap@3.15.0/dist/gsap.min.js,,92bb9a96476f983d212a2bc4f54c889039c1696dd4461d40a736860938570fbb,0
https://cdn.jsdelivr.net/npm/hls.js@1.7.2/dist/hls.min.js,,afcde07437ec84b072fe8782e772ceb5046eac751b2719f73ae0d83d763bc3f5,0
https://cdn.jsdelivr.net/npm/instantsearch.js@4.116.0/dist/instantsearch.production.min.js,,6853d89d3175f9fc39a277e842321a2739cc04b641d64c662bebae145e900d3d,0
https://cdn.jsdelivr.net/npm/intl-tel-input@29.2.3/dist/css/intlTelInput.min.css,,d01af9670a4d358d7c84980cc17df2c5f35fdcc6ae40b5a2082ab3763480622b,0
https://cdn.jsdelivr.net/npm/intl-tel-input@29.2.3/dist/js/intlTelInput.min.js,,bef7e2898f92b7fe2cb386a03b9bda889ab99935de50c0c90098e036c3072a18,0
https://cdn.jsdelivr.net/npm/ionicons@8.1.0/dist/collection/components/icon/icon.min.css,,3ef594c73232d37a4e0de4878a55c49257abdc7b561357232acd689d9e160186,0
https://cdn.jsdelivr.net/npm/ionicons@8.1.0/dist/ionicons/ionicons.esm.min.js,,80df43669d024f3255cc74f4378e6a80fb935345eb7490bfab1e37124f43ef3c,0
https://cdn.jsdelivr.net/npm/jquery-validation@1.22.1/dist/jquery.validate.min.js,,d48b8fee4fe0f9df7cfebe7e0f52365f6c3ec61055249fac853ec3d645d7898b,0
https://cdn.jsdelivr.net/npm/jquery@4.0.0/dist/jquery.min.js,,39a546ea9ad97f8bfaf5d3e0e8f8556adb415e470e59007ada9759dce472adaa,0
https://cdn.jsdelivr.net/npm/js-cookie@3.0.8/dist/js.cookie.min.js,,506834dde81524c74ba93c40c73ac0316fb8d4f860f816353a5562b2f8118c12,0
https://cdn.jsdelivr.net/npm/katex@0.18.7/dist/katex.min.js,,10a91b479cd927446ceb60409fb0d72b5d0d05eaf446c9e52fafd64058c84540,0
https://cdn.jsdelivr.net/npm/ky@2.1.0/distribution/index.min.js,,11ad9a150ea9aaa27ccb7373d3dd5d06b3a149f6f561007383709c12395e1b7c,0
https://cdn.jsdelivr.net/npm/lightgallery@2.9.0/css/lightgallery-bundle.min.css,,ea3f210e2dc2bba0e811377631613838087acad80d924b07ada71ea6faec9076,0
https://cdn.jsdelivr.net/npm/lightgallery@2.9.0/lightgallery.umd.min.js,,85747f5d7a296dcf5502cb249ce8837e953bce76df6d5c41611b2eca421b6e91,0
https://cdn.jsdelivr.net/npm/lit-html@3.3.3/lit-html.min.js,,b4ac8d1e6139fcdceb5dab4dae0f9af155b07fd6ec0615d9625f26114afa0ace,0
https://cdn.jsdelivr.net/npm/lodash-es@4.18.1/object.default.min.js,,834fcebf0b19fc438b3a51a5d623338f95aff124f6c4d0a4583e106c0221958c,0
https://cdn.jsdelivr.net/npm/lozad@1.16.0/dist/lozad.min.js,,98e15110586a9877906d7a4ada5a789c0deaa285600027e1f3c7e925fb4b05b7,0
https://cdn.jsdelivr.net/npm/mathjax@4.1.3/sre/speech-worker.min.js,,d7f5e3b62e98c3cdecb9774eea19f011aa463c99a58f21c4f021b07b8a2355b1,0
https://cdn.jsdelivr.net/npm/moment@2.30.1/moment.min.js,,793a740b2a60347bf35ebd861586681a7159962facc8d54281840f0d389c675d,0
https://cdn.jsdelivr.net/npm/monaco-editor@0.56.0/dev/vs/editor/editor.main.min.css,,28740005321bc44eae5888df94e0cc9801b937778e5c90eae737bced5de601c9,0
https://cdn.jsdelivr.net/npm/monaco-editor@0.56.0/min/vs/editor/editor.main.min.js,,dcd0e8bd4ad75a7038c0b4a8825141dcea2fb14c830f5c1ec2914ef029af8d69,0
https://cdn.jsdelivr.net/npm/opencc-js@1.4.2/dist/umd/full.min.js,,91f9a1c93d7d2cfab05f58b4d68485bd917056e2ba7e9a95d9c76d059b8ed60f,0
https://cdn.jsdelivr.net/npm/popper.js@1.16.1/dist/umd/popper.min.js,,fe28dc38bc057f6eb11180235bbe458b3295a39b674d889075d3d9a0b5071d9f,0
https://cdn.jsdelivr.net/npm/prebid-universal-creative@1.17.2/dist/creative.min.js,,f9afe6bed2d9f0482305e01d31d23920ad1f53f54d84f7058e6f327dc379eb2c,0
https://cdn.jsdelivr.net/npm/pretendard@1.3.9/dist/web/static/pretendard.min.css,,e80378598966a30ec6d96873fca9d03c200bc2a76c70d040cff4bbde283ed948,0
https://cdn.jsdelivr.net/npm/pretendard@1.3.9/subset.min.js,,fc5e2ca0d02e0d70ce942f1ea40957f43430f7b59c925176f1b1f3b773573676,0
https://cdn.jsdelivr.net/npm/protobufjs@8.8.0/index.min.js,,61169e5fafff85de3ad202c1ccc893cf91401772a2dbdfb5afcd004b6a9c5696,0
https://cdn.jsdelivr.net/npm/quill@2.0.3/dist/quill.min.js,,a729b7d44c54978384ef20392ab4a73fe2e4145efedef658190fcd85431de2a0,0
https://cdn.jsdelivr.net/npm/quill@2.0.3/dist/quill.snow.min.css,,b3774973a8bdbbbe89fb579a8d53c3aeaafa6b48c6680631e95956e0920641bd,0
https://cdn.jsdelivr.net/npm/remixicon@4.9.1/fonts/remixicon.min.css,,9aa5d48e637f620cfc63c7f238653097399872115c7efe85087c839c65b33664,0
https://cdn.jsdelivr.net/npm/search-insights@2.17.3/dist/search-insights.min.js,,567d43c2e562796860f77e503b4c8a17f4858f0493fae43aacdf07ddaaa30c1d,0
https://cdn.jsdelivr.net/npm/select2@4.1.0/dist/css/select2.min.css,,5d5e14d587308b5d1ad79f51e9aea2f8f469b0a02b335f559f5a4bb756b81737,0
https://cdn.jsdelivr.net/npm/select2@4.1.0/dist/js/select2.min.js,,15692c266649fbc8acb4ebfb345e7e9499486d9551148241a235c9d62eea2f55,0
https://cdn.jsdelivr.net/npm/slick-carousel@1.8.1/slick/slick.min.css,,e7d08d77566673a2897a069c45af9f7562f4be48b1513b786045aec2fd61d0f6,0
https://cdn.jsdelivr.net/npm/slick-carousel@1.8.1/slick/slick.min.js,,0c7178cc6ca34fb18e30f070a5e7a1c287b2d7ccfcba2cfdf06e0f46eda55740,0
https://cdn.jsdelivr.net/npm/speech-rule-engine@5.0.0-rc.4/lib/sre.min.js,,be8365963810c5b3b5f1b951e774223ebec8dfe744769460bba228477a6a0845,0
https://cdn.jsdelivr.net/npm/sweetalert2@11.26.25/dist/sweetalert2.all.min.js,,4e86f0e22e4771b5b8aac24c613c661806a678b1afa284d03cf6ad03d3e21a0a,0
https://cdn.jsdelivr.net/npm/sweetalert2@11.26.25/dist/sweetalert2.min.css,,a1173e56fd474be04ddbefa81bd75cc465627ef2f5db261792e7d25fb7871743,0
https://cdn.jsdelivr.net/npm/swiper@14.2.0/swiper-bundle.min.js,,d4e1d888723c80623ed161f220af4734a5735a5dd30abe0b9860fa5b53e6be77,0
https://cdn.jsdelivr.net/npm/three@0.185.1/build/three.tsl.min.js,,93e864a9adf5eea21fe35ac7fe69403bdd35ad7dc8e393248ee214ba3a815a65,0
https://cdn.jsdelivr.net/npm/vanilla-lazyload@19.1.3/dist/lazyload.min.js,,d1afac40ee59ba93ec431e89d141eef94c98e66b8f196f637a0f84110a072a2d,0
https://cdn.jsdelivr.net/npm/video.js@8.24.0/dist/video-js.min.css,,076c48366e8a186bf243d5937f32a97410045612629b6fdbabc389abb6ce5cb9,0
https://cdn.jsdelivr.net/npm/video.js@8.24.0/dist/video.min.js,,851f2e9c956bec7bda89226a4c9c2b95c39cd8b52367243d8debecb211a3e758,0
https://cdn.jsdelivr.net/npm/videojs-contrib-ads@7.5.2/dist/videojs.ads.min.css,,0fc0a31581b4d3a24227fac89efbd00fede02698890765144e2f17e8976001db,0
https://cdn.jsdelivr.net/npm/videojs-contrib-ads@7.5.2/dist/videojs.ads.min.js,,ad2d77b2cd7915291574050a8dc0cbadaf09f260ff6467fba39a3018fcf382c0,0
https://cdn.jsdelivr.net/npm/videojs-ima@2.6.0/dist/videojs.ima.min.css,,cf6d8b3bef30434c668e975e33c2013df6de283eae1c06cc4ea6e7675cfe8925,0
https://cdn.jsdelivr.net/npm/videojs-ima@2.6.0/dist/videojs.ima.min.js,,e3e37b2dc56e8ba4bbe8b7cf408ef883e690201f9589cdfdab29d496b874deea,0
https://cdn.jsdelivr.net/npm/vue@3.5.42/dist/vue.global.min.js,,2e68fb1c4d18498b43da8917f4adcd5989d4a29b07bf8a166c3fe391e50bfd7e,0
https://cdn.jsdelivr.net/npm/workbox-cdn@5.1.4/workbox/workbox-core.prod.min.js,,ccdca645217fc713f63f3ab685d908abd9984add0a81420d6c65def3762a3af1,0
https://cdn.jsdelivr.net/npm/yakuhanjp@4.1.1/dist/css/yakuhanjp.min.css,,ff483acaa3021edebf11718f03745715addfc8324762325adc3d3d86836cc6d5,0
https://cdn.jsdelivr.net/npm/yandex-metrica-watch@1.452.0/watch.min.js,,0be66ff494db5fa76ddf5fbdf51b85ad4640cf241804a7322ccda3af891e5192,0
https://cdn.jsdelivr.net/npm/zoid@9.0.86/dist/zoid.min.js,,707eb2aec2756266f47d0c7ada542c484fffd160f40d1f2fdaebafaa3ef8a120,0
